{
  "urls": [
    "sounds.webm",
    "sounds.mp3"
  ],
  "sprite": {
    "arse": [
      0,
      788.140589569161
    ],
    "boobs": [
      2000,
      604.6938775510205
    ],
    "dick": [
      4000,
      523.582766439909
    ],
    "fucking": [
      6000,
      824.5351473922904
    ],
    "motherfucker": [
      8000,
      1312.6303854875284
    ],
    "rectum": [
      11000,
      2262.244897959183
    ],
    "twat": [
      15000,
      781.6780045351468
    ],
    "arsehole": [
      17000,
      752.1768707483005
    ],
    "bugger": [
      19000,
      427.70975056689406
    ],
    "dickhead": [
      21000,
      575.1927437641733
    ],
    "gash": [
      23000,
      752.1768707483005
    ],
    "nobhead": [
      25000,
      771.678004535147
    ],
    "shit": [
      27000,
      930.2494331065745
    ],
    "wanker": [
      29000,
      818.5487528344665
    ],
    "asshole": [
      31000,
      810.0453514739243
    ],
    "bullshit": [
      33000,
      737.4376417233534
    ],
    "dipshit": [
      35000,
      722.6757369614489
    ],
    "holy shit": [
      37000,
      1445.3741496598625
    ],
    "piss": [
      40000,
      737.0521541950126
    ],
    "shite": [
      42000,
      907.0294784580497
    ],
    "bastard": [
      44000,
      516.2131519274383
    ],
    "cock": [
      46000,
      648.934240362813
    ],
    "dumbass": [
      48000,
      792.8344671201799
    ],
    "horseshit": [
      50000,
      948.6848072562352
    ],
    "pissing": [
      52000,
      634.1950113378658
    ],
    "shitting": [
      54000,
      811.156462585032
    ],
    "batshit": [
      56000,
      794.6712018140615
    ],
    "cocksucker": [
      58000,
      1017.664399092972
    ],
    "fuck it": [
      61000,
      781.678004535145
    ],
    "jackass": [
      63000,
      884.9206349206327
    ],
    "prick": [
      65000,
      567.8231292517069
    ],
    "shitty": [
      67000,
      818.5487528344737
    ],
    "bitch": [
      69000,
      567.8231292517069
    ],
    "cunt": [
      71000,
      597.3242630385442
    ],
    "fuck": [
      73000,
      824.5578231292541
    ],
    "jizz": [
      75000,
      648.9342403628058
    ],
    "pussy": [
      77000,
      644.8299319727937
    ],
    "spunk": [
      79000,
      892.2902494331026
    ],
    "bollocks": [
      81000,
      642.1768707483011
    ],
    "damn": [
      83000,
      613.1292517006841
    ],
    "fucker": [
      85000,
      845.6689342403649
    ],
    "minge": [
      87000,
      921.7913832199542
    ],
    "quim": [
      89000,
      877.392290249432
    ],
    "tits": [
      91000,
      693.197278911569
    ],
    "bellend": [
      93000,
      905.7823129251688
    ],
    "tosser": [
      95000,
      704.4897959183629
    ],
    "minger": [
      97000,
      855.4421768707527
    ],
    "bloody hell": [
      99000,
      1107.052154195017
    ],
    "douchebag": [
      102000,
      956.0997732426273
    ],
    "titties": [
      104000,
      805.1247165532942
    ],
    "apeshit": [
      106000,
      805.1247165532942
    ],
    "willy": [
      108000,
      1408.97959183674
    ],
    "fuck off": [
      111000,
      1056.7346938775445
    ]
  }
}