{
  "urls": [
    "sounds.webm",
    "sounds.mp3"
  ],
  "sprite": {
    "arse": [
      0,
      799.2743764172335
    ],
    "boobs": [
      2000,
      775.2154195011336
    ],
    "cunt": [
      4000,
      594.9206349206353
    ],
    "fucker": [
      6000,
      612.9705215419499
    ],
    "jizz": [
      8000,
      781.2471655328803
    ],
    "pussy": [
      10000,
      667.0521541950105
    ],
    "shitty": [
      12000,
      925.4648526077106
    ],
    "arsehole": [
      14000,
      943.4920634920641
    ],
    "bugger": [
      16000,
      588.9342403628107
    ],
    "damn": [
      18000,
      600.952380952382
    ],
    "fucking": [
      20000,
      673.0612244897962
    ],
    "minge": [
      22000,
      913.4240362811781
    ],
    "quim": [
      24000,
      679.0702947845801
    ],
    "spunk": [
      26000,
      943.4920634920622
    ],
    "bastard": [
      28000,
      781.2244897959175
    ],
    "bullshit": [
      30000,
      985.5555555555568
    ],
    "dick": [
      32000,
      528.8208616780068
    ],
    "gash": [
      34000,
      685.1020408163251
    ],
    "motherfucker": [
      36000,
      1213.922902494332
    ],
    "rectum": [
      39000,
      1688.6621315192726
    ],
    "tits": [
      42000,
      883.4013605442194
    ],
    "batshit": [
      44000,
      859.3650793650767
    ],
    "cock": [
      46000,
      703.1292517006805
    ],
    "dickhead": [
      48000,
      853.3560090702963
    ],
    "shit": [
      50000,
      931.4739229024908
    ],
    "piss": [
      52000,
      817.2789115646282
    ],
    "twat": [
      54000,
      805.2607709750532
    ],
    "bitch": [
      56000,
      649.0249433106569
    ],
    "cocksucker": [
      58000,
      727.1428571428587
    ],
    "dumbass": [
      60000,
      829.2970521541961
    ],
    "horseshit": [
      62000,
      1027.619047619048
    ],
    "pissing": [
      65000,
      823.310657596366
    ],
    "shite": [
      67000,
      1021.6099773242604
    ],
    "wanker": [
      70000,
      1046.1451247165598
    ],
    "bollocks": [
      73000,
      811.2698412698478
    ],
    "fuck": [
      75000,
      685.0793650793605
    ],
    "jackass": [
      77000,
      1021.6326530612179
    ],
    "prick": [
      80000,
      612.9705215419534
    ],
    "shitting": [
      82000,
      991.5873015873018
    ]
  }
}